apbusiness	bbcbusiness
apbusiness	business
apbusiness	businessinsider
apbusiness	bw
apbusiness	cnnbusiness
apbusiness	fastcompany
apbusiness	financialtimes
apbusiness	forbes
foxbusiness	apbusiness
apbusiness	foxbusiness
apbusiness	ft
apbusiness	ftfinancenews
apbusiness	harvardbiz
apbusiness	markets
apbusiness	marketwatch
nasdaq	apbusiness
apbusiness	nasdaq
nbcnewsbusiness	apbusiness
apbusiness	nbcnewsbusiness
apbusiness	nytimesbusiness
apbusiness	reutersbiz
apbusiness	thestreet
apbusiness	usatodaymoney
apbusiness	wsj
apbusiness	wsjbusiness
apbusiness	wsjecon
bbcworldbiz	bbcbusiness
bbcbusiness	bbcworldbiz
business	bbcbusiness
bbcbusiness	business
businessdesk	bbcbusiness
bbcbusiness	bw
cnnbusiness	bbcbusiness
entrepreneur	bbcbusiness
financialtimes	bbcbusiness
bbcbusiness	financialtimes
ft	bbcbusiness
nasdaq	bbcbusiness
nbcnewsbusiness	bbcbusiness
bbcbusiness	nytimesbusiness
bbcbusiness	reutersbiz
telebusiness	bbcbusiness
usatodaymoney	bbcbusiness
yahoofinanceuk	bbcbusiness
businessdesk	business
businessinsider	business
business	businessinsider
bw	business
business	bw
cnnbusiness	business
business	cnnbusiness
financialtimes	business
business	financialtimes
forbes	business
business	forbes
foxbusiness	business
business	foxbusiness
ft	business
business	ft
business	harvardbiz
markets	business
business	markets
business	marketwatch
nasdaq	business
nbcnewsbusiness	business
nytimesbusiness	business
business	nytimesbusiness
business	reutersbiz
reutersmoney	business
telebusiness	business
usatodaymoney	business
business	wsj
businessdesk	businessinsider
businessdesk	cnnbusiness
businessdesk	fastcompany
financialtimes	businessdesk
businessdesk	financialtimes
businessdesk	forbes
ft	businessdesk
businessdesk	ft
businessdesk	ftfinancenews
businessdesk	harvardbiz
irishtimesbiz	businessdesk
businessdesk	irishtimesbiz
businessdesk	marketwatch
nasdaq	businessdesk
businessdesk	nasdaq
businessdesk	nbcnewsbusiness
businessdesk	nytimesbusiness
businessdesk	reutersbiz
telebusiness	businessdesk
businessdesk	telebusiness
businessdesk	usatodaymoney
businessdesk	wsj
businessdesk	wsjbusiness
businessdesk	wsjecon
bw	businessinsider
businessinsider	bw
cnnbusiness	businessinsider
businessinsider	cnnbusiness
financialtimes	businessinsider
businessinsider	forbes
nasdaq	businessinsider
businessinsider	nasdaq
nbcnewsbusiness	businessinsider
nytimesbusiness	businessinsider
businessinsider	nytimesbusiness
telebusiness	businessinsider
usatodaymoney	businessinsider
businessinsider	wsj
fastcompany	bw
financialtimes	bw
bw	financialtimes
forbes	bw
ft	bw
bw	ft
markets	bw
bw	markets
nasdaq	bw
nbcnewsbusiness	bw
bw	reutersbiz
reutersmoney	bw
telebusiness	bw
thestreet	bw
usatodaymoney	bw
bw	wsj
fastcompany	cnnbusiness
cnnbusiness	fastcompany
financialtimes	cnnbusiness
ft	cnnbusiness
cnnbusiness	ftfinancenews
cnnbusiness	harvardbiz
nasdaq	cnnbusiness
cnnbusiness	nasdaq
nbcnewsbusiness	cnnbusiness
nytimesbusiness	cnnbusiness
reutersmoney	cnnbusiness
telebusiness	cnnbusiness
usatodaymoney	cnnbusiness
cnnbusiness	usatodaymoney
cnnbusiness	wsj
foxbusiness	entrepreneur
entrepreneur	foxbusiness
entrepreneur	harvardbiz
nasdaq	entrepreneur
nbcnewsbusiness	entrepreneur
entrepreneur	nbcnewsbusiness
entrepreneur	nytimesbusiness
financialtimes	fastcompany
fastcompany	financialtimes
forbes	fastcompany
fastcompany	forbes
ft	fastcompany
fastcompany	ft
fastcompany	harvardbiz
irishtimesbiz	fastcompany
nasdaq	fastcompany
nbcnewsbusiness	fastcompany
fastcompany	nytimesbusiness
usatodaymoney	fastcompany
financialtimes	forbes
ft	financialtimes
financialtimes	ft
ftfinancenews	financialtimes
financialtimes	ftfinancenews
financialtimes	marketwatch
nasdaq	financialtimes
financialtimes	nasdaq
nbcnewsbusiness	financialtimes
financialtimes	nbcnewsbusiness
financialtimes	nytimesbusiness
reutersbiz	financialtimes
financialtimes	reutersbiz
reutersmoney	financialtimes
telebusiness	financialtimes
usatodaymoney	financialtimes
financialtimes	usatodaymoney
financialtimes	wsj
financialtimes	wsjbusiness
financialtimes	wsjecon
foxbusiness	forbes
forbes	foxbusiness
ft	forbes
forbes	harvardbiz
nasdaq	forbes
forbes	nasdaq
nbcnewsbusiness	forbes
nytimesbusiness	forbes
reutersmoney	forbes
telebusiness	forbes
thestreet	forbes
forbes	thestreet
usatodaymoney	forbes
forbes	wsj
foxbusiness	marketwatch
nasdaq	foxbusiness
foxbusiness	reutersbiz
telebusiness	foxbusiness
thestreet	foxbusiness
foxbusiness	thestreet
foxbusiness	wsj
foxbusiness	wsjecon
ftfinancenews	ft
ft	ftfinancenews
ft	harvardbiz
indobusiness	ft
irishtimesbiz	ft
ft	marketwatch
nasdaq	ft
ft	nasdaq
nbcnewsbusiness	ft
ft	nbcnewsbusiness
nytimesbusiness	ft
ft	nytimesbusiness
reutersbiz	ft
ft	reutersbiz
reutersmoney	ft
telebusiness	ft
usatodaymoney	ft
ft	usatodaymoney
ft	wsj
ft	wsjbusiness
ft	wsjecon
yahoofinanceuk	ft
nasdaq	ftfinancenews
telebusiness	ftfinancenews
usatodaymoney	ftfinancenews
yahoofinanceuk	ftfinancenews
irishtimesbiz	harvardbiz
nasdaq	harvardbiz
nbcnewsbusiness	harvardbiz
nytimesbusiness	harvardbiz
usatodaymoney	harvardbiz
wsjbusiness	harvardbiz
irishtimesbiz	indobusiness
irishtimesbiz	nytimesbusiness
nasdaq	markets
markets	telebusiness
nasdaq	marketwatch
nbcnewsbusiness	marketwatch
reutersmoney	marketwatch
telebusiness	marketwatch
usatodaymoney	marketwatch
wsj	marketwatch
marketwatch	wsj
marketwatch	wsjbusiness
nbcnewsbusiness	nasdaq
nasdaq	nbcnewsbusiness
nasdaq	nytimesbusiness
nasdaq	reutersbiz
reutersmoney	nasdaq
thestreet	nasdaq
nasdaq	thestreet
usatodaymoney	nasdaq
nasdaq	usatodaymoney
nasdaq	wsj
nasdaq	wsjbusiness
nasdaq	wsjecon
nytimesbusiness	nbcnewsbusiness
nbcnewsbusiness	nytimesbusiness
nbcnewsbusiness	reutersbiz
nbcnewsbusiness	reutersmoney
telebusiness	nbcnewsbusiness
usatodaymoney	nbcnewsbusiness
nbcnewsbusiness	usatodaymoney
nbcnewsbusiness	wsj
nbcnewsbusiness	wsjbusiness
nytimesbusiness	reutersbiz
telebusiness	nytimesbusiness
thestreet	nytimesbusiness
nytimesbusiness	thestreet
usatodaymoney	nytimesbusiness
nytimesbusiness	usatodaymoney
nytimesbusiness	wsj
reutersmoney	reutersbiz
reutersbiz	reutersmoney
telebusiness	reutersbiz
thestreet	reutersbiz
usatodaymoney	reutersbiz
usatodaymoney	reutersmoney
reutersmoney	usatodaymoney
reutersmoney	wsj
reutersmoney	wsjecon
telebusiness	usatodaymoney
telebusiness	wsj
telebusiness	wsjbusiness
telebusiness	wsjecon
yahoofinanceuk	telebusiness
telebusiness	yahoofinanceuk
usatodaymoney	thestreet
thestreet	usatodaymoney
usatodaymoney	wsj
usatodaymoney	wsjbusiness
usatodaymoney	wsjecon
wsjbusiness	wsj
wsj	wsjbusiness
wsjecon	wsj
wsj	wsjecon
wsjecon	wsjbusiness
wsjbusiness	wsjecon
